{
    "bracket": [
        -0.04075070066751724,
        0.192957493792178,
        -0.3385523876304942
    ],
    "facial": [
        -0.03662083663631677,
        0.21551744317380894,
        -0.1423707421423046
    ],
    "translation": [
        -3.7177202701568604,
        13.243879318237305,
        -2.200136184692383
    ],
    "scaling": 0.16062195599079132,
    "outer": [
        -0.02310229961664769,
        0.1264257832196427,
        -0.726693850754306
    ],
    "incisal": [
        -0.05586136794660222,
        0.2319943387484313,
        0.3031427039977776
    ],
    "torque": 5,
    "tip": 2,
    "rotation": 0,
    "offset": 0
}